{
  "best_improvement_level": 0,
  "test_accuracy": 0.9852941176470589,
  "test_loss": 0.05713473052224692,
  "class_names": [
    "Disease",
    "Healthy"
  ],
  "dataset_size": 892,
  "improvement_results": {
    "0": {
      "test_accuracy": 0.9852941176470589,
      "test_loss": 0.05713473052224692
    },
    "1": {
      "test_accuracy": 0.9779411764705882,
      "test_loss": 0.11045475347953684
    },
    "2": {
      "test_accuracy": 0.5808823529411765,
      "test_loss": 0.6956505459897658
    }
  }
}